,database,scenario,2018,2020
0,A.sqlite,solve,5.31505774164596,5.1380897946717585
1,B.sqlite,solve,5.315057741986026,7.161084028835572
