,database,scenario,2018,2020
0,A.sqlite,solve,23821.0562604704,42516.787143147405
1,B.sqlite,solve,23821.056263488405,38095.60772560533
